Residue_code,count,amyloid_mean,amyloid_q125,amyloid_q25,amyloid_median,amyloid_q75,amyloid_q875,llps_mean,llps_q125,llps_q25,llps_median,llps_q75,llps_q875,amyloid_median_rank,llps_median_rank
A,296658,0.11104117886215398,0.0023888888888888,0.0084777777777777,0.0459444444444444,0.1483444444444444,0.2736777777777777,0.3282394854355778,0.2205193977296985,0.2611501272005704,0.3175769420949879,0.38232121244014095,0.4401651599998524,15,11
C,71943,0.25751778321418034,0.0225333333333333,0.06662777777777774,0.1944,0.39453333333333324,0.5585,0.23629130734994155,0.13837539636734753,0.17113778237463195,0.2263682778386628,0.2858532997095409,0.3343090978466223,4,20
D,188351,0.17831390081992302,0.0081333333333333,0.0292666666666666,0.1111444444444444,0.26969999999999994,0.4171805555555555,0.32846591323504404,0.2291235190211812,0.2650438324872973,0.3189026367090085,0.3799801278134895,0.4317198525122109,7,10
E,300340,0.1256820952180121,0.0040888888888888,0.0146666666666666,0.0669111111111111,0.18200277777777774,0.30306666666666665,0.3299805131714585,0.2369369435191734,0.27192725939825124,0.3228751996766208,0.3799568566859113,0.4276876470998216,14,7
F,97795,0.2837991094750356,0.0205333333333333,0.0666222222222222,0.2092333333333332,0.4433833333333333,0.6306666666666667,0.2909802563148979,0.17971947863223992,0.22175848563579714,0.2789117453638637,0.3423402634048395,0.3998252064455489,2,18
G,301128,0.1029385410855184,0.0019777777777777,0.0075111111111111,0.0432777777777777,0.1423444444444444,0.2574555555555555,0.3524353382959988,0.2281087447477959,0.2718005227234791,0.3336549599108718,0.40904241519259843,0.48377446500673893,16,4
H,94871,0.08751505295494813,0.0009222222222222,0.0039555555555555,0.0289111111111111,0.1155388888888888,0.2236777777777777,0.3268455280632057,0.21591636532252143,0.258186566040777,0.3155509218170314,0.3814297420691912,0.44068203382976573,19,12
I,113687,0.27277555241828677,0.0204111111111111,0.0655,0.1981,0.4193944444444444,0.6067916666666666,0.3032992253547993,0.20029398730590872,0.2403896095186904,0.2953782327451109,0.35572345010544965,0.40823303967279573,3,16
K,218134,0.0861284437038191,0.0009333333333333,0.0040333333333332,0.0293888888888888,0.11365972222222212,0.2194,0.31243671885313073,0.21847562693555705,0.25362987481194726,0.3048968981593764,0.36276023236210686,0.41128733972441733,18,15
L,321536,0.2220733019354321,0.0113333333333333,0.0378555555555555,0.1362777777777777,0.3338888888888888,0.5264680555555556,0.28626772989814275,0.18599534004504395,0.22689742705082172,0.28072995573431636,0.33667971825553933,0.38339670986804514,5,17
M,74630,0.15266365700418355,0.003,0.0126666666666666,0.0716,0.2208194444444444,0.3796708333333333,0.3382135412879089,0.21538162656964965,0.2607203050628284,0.32226800118700616,0.3934014043342041,0.4615099767819155,13,8
N,128819,0.16968712741650424,0.0064444444444444,0.0246666666666666,0.1021888888888888,0.2547999999999999,0.4005777777777777,0.35155131311893917,0.23771214080697478,0.27783650375348184,0.3376323577245239,0.40888123517251695,0.4715735770111425,9,3
P,368656,0.08514669533838225,0.001711111111111,0.006,0.0331333333333333,0.1134444444444444,0.2115888888888889,0.3579866976268033,0.23883376967565673,0.28060496496166204,0.3421561491698689,0.4174085670606278,0.4863927225242677,17,1
Q,198991,0.1370756475027625,0.0053111111111111,0.0176666666666666,0.0734666666666666,0.19804166666666656,0.3283777777777777,0.35890212713564834,0.24133719041315274,0.28134680224024416,0.339835296911491,0.413725168695094,0.48694509436034417,12,2
R,228678,0.08267586533612033,0.0009999999999999,0.0038777777777777,0.0261555555555555,0.1062555555555555,0.2116555555555555,0.323311335709517,0.21749960644468536,0.2567106232682779,0.3117538826122055,0.3728677557307311,0.43064625139884716,20,13
S,428938,0.19964341052138584,0.0103333333333333,0.0358444444444444,0.1292999999999999,0.3027111111111111,0.4615652777777777,0.34685997766943477,0.2314990175971695,0.27209795679932947,0.3333684617018101,0.4076213953876333,0.47212370477829935,6,5
T,216068,0.17427795789082856,0.0073333333333333,0.0263,0.1039777777777777,0.2608555555555555,0.41142222222222224,0.34030488834295747,0.2305118290686265,0.2716235226657097,0.3305380388316514,0.39820792170047015,0.4572833484128922,8,6
V,187785,0.29533121853301497,0.0279777777777777,0.079411111111111,0.2260888888888888,0.4580777777777777,0.6387111111111111,0.3158980570304243,0.2083133973552505,0.2504384140939748,0.3084369626418343,0.3717123283131937,0.4251787535472511,1,14
W,34810,0.1621264168980816,0.003623611111111075,0.014245833333333275,0.0783444444444444,0.23736111111111105,0.4083430555555555,0.2794618165253995,0.1750920656432678,0.21364116928076848,0.2704167436096161,0.33010896576591525,0.37978222177264387,11,19
Y,68631,0.1602506606182175,0.0034666666666666,0.0150111111111111,0.0811555555555555,0.23448333333333327,0.39667222222222215,0.3460026989803502,0.21437485951896687,0.2571752323669775,0.3218240474647322,0.4036368275943444,0.4889093844861146,10,9
