,all_protein,all_IDRs,LLPS_drivers,LLPS_members,lowest_5_percent,highest_5_percent,mean_score
A,0.07009411954717182,0.07523287927725507,0.07405848347084246,0.07620313212781919,0.062476911476704,0.06577162867900085,0.3599133865282294
C,0.02299274500255374,0.018303684951627656,0.00707189762586294,0.011067333864571581,0.007985466249006878,0.03509473300676086,0.4206568118416657
D,0.04731034070486007,0.04780025074927476,0.04571476679575686,0.051250879401528615,0.10694350965796093,0.008613011618962794,0.2718798393835578
E,0.0710623906008402,0.07622373110366369,0.06311388000224505,0.08338651549321738,0.13613752410062294,0.01721590219019473,0.29140510777071893
F,0.036479408748996245,0.024861373098980177,0.024330695403266545,0.022685351008088744,0.006953124604648574,0.06450649771264322,0.4561999876914415
G,0.06573571994654102,0.07631785696664226,0.10099904585508222,0.0733377123543227,0.20165579502957862,0.01881502773167078,0.2513513557563101
H,0.026252302473229433,0.02408483472940712,0.02332042431385755,0.021593318065094964,0.03556012124953823,0.009225335006679892,0.30556358794442945
I,0.04331612428688441,0.028905748888897322,0.023152045798956054,0.02893537288374866,0.0025201281318158585,0.11360876077891584,0.5191497163300347
K,0.05725157148495496,0.05538117811674896,0.04795981366111018,0.06307773617837471,0.03230622087050691,0.03146127687138173,0.3542848064880777
L,0.09961026194270883,0.08167341614891116,0.0573890104955941,0.07463741822878324,0.022433188771766466,0.21063418485081575,0.44840692639354657
M,0.021291388147082813,0.0189372633411392,0.02129988213503957,0.019151411067567205,0.01150757303564109,0.02182603943160196,0.38695470694003936
N,0.03579509045761404,0.0326965921124045,0.03830611214009092,0.03384602102163415,0.016365651362033107,0.024072912027853124,0.36760394317531025
P,0.0632074129412542,0.0934510412673592,0.10750968176460683,0.09068073553552199,0.06295765881108654,0.0433838710983361,0.35102651979436944
Q,0.04765363601118821,0.05050738141596167,0.05795027221193243,0.05223790917692684,0.033394227995688454,0.03172442411238412,0.3578585794019311
R,0.05637777655810448,0.05803998071937968,0.05346017848122579,0.059490127952193224,0.15032210071403632,0.010414558115056071,0.25880306756746785
S,0.08354398916836887,0.10875990440658324,0.12634001234775777,0.11203021291142283,0.053858882945614826,0.10756143475972632,0.39102853226229245
T,0.05376355832926355,0.05482072438960516,0.055228152887691534,0.05492249016178655,0.01834430618038652,0.0553267074207522,0.39806799608040744
V,0.059539012435190775,0.04770764304537651,0.04223494415445923,0.04719075692116712,0.011198882641984929,0.10211631108052306,0.451045523441216
W,0.01213069972462962,0.008848337173010675,0.005556490991749452,0.006815872278813744,0.008734419990992313,0.011269786648313834,0.35400984157493426
Y,0.026592451488562707,0.017446178097771974,0.02500420946287254,0.017459693367416585,0.01834430618038652,0.017357596858426784,0.35129641737338047
