GO_term,A,C,D,E,F,G,H,I,K,L,M,N,P,Q,R,S,T,V,W,Y
ATP binding,0.07356670610341708,0.013186721414155474,0.05039738325561974,0.08795044888301204,0.024413668313730947,0.06757881550560234,0.021629897696429815,0.03113369058389589,0.06558563574361473,0.08437887118101468,0.018834991996659476,0.033307815436008074,0.08239682650149628,0.05158605330920732,0.06213376017816132,0.10703598023522862,0.0527608045097084,0.04796993527733315,0.008036745772148374,0.016115248103556266
ATP hydrolysis activity,0.0687027352786796,0.011848986177802834,0.057261999650070956,0.09718307121056008,0.02378545461614728,0.06613658896945897,0.020295884445654076,0.033252979256984,0.07689690701607729,0.08023095316782985,0.018915608779330857,0.036820311436847525,0.0703940589824841,0.05149789070549583,0.06272478080833609,0.10261669161531134,0.0507299908629639,0.04688077139913295,0.007494313653064795,0.016330021967767647
DNA binding,0.07686731783776475,0.018144237486322653,0.047269162683439205,0.07583197081498211,0.025440491958846522,0.07635402608523648,0.02772777008535666,0.02810960907199355,0.058044533693221795,0.07624260421700473,0.019795534612139225,0.03488881599867796,0.0946021738531685,0.05471189309509919,0.049452530528339964,0.10949013853869594,0.0537153559365321,0.04709639619112481,0.006814260997588781,0.01940117631446506
"DNA-binding transcription activator activity, RNA polymerase II-specific",0.08293313019574074,0.018918292319411785,0.04524227469943364,0.06550524956115655,0.02803961183055675,0.08142284635511543,0.03395489020633922,0.027178485079323023,0.0442022985460206,0.07955486371013148,0.021342695326731363,0.033279236909217365,0.10312324048620541,0.05230351405955023,0.03797568972940748,0.1147616997317259,0.054602060080151026,0.0451097936607823,0.006253105024343391,0.02429702248865631
DNA-binding transcription factor activity,0.08012309493336361,0.02159839950377628,0.044625189469224086,0.07182576257267537,0.027956265916506864,0.07884322213437354,0.03194658605943328,0.027759698421781425,0.051157782543932835,0.0798151391916271,0.02040152186922583,0.03404330600317129,0.0961040322545418,0.053822364139099896,0.044666687051443894,0.10665970672129788,0.052103490601889665,0.047099755819489886,0.007615898378973394,0.02183209641417208
"DNA-binding transcription factor activity, RNA polymerase II-specific",0.0803443231381898,0.021521324917147526,0.04463874515753258,0.0715127461869802,0.02800955399633372,0.07903945312852743,0.03194448207045395,0.02779960086329116,0.05087864257398026,0.07991087150868258,0.020435438282809127,0.034028210476887095,0.09617433785748472,0.0539128039805308,0.044336232041105664,0.10676455449299704,0.05222866379504962,0.046988865711267036,0.007607979122079845,0.021923170698669846
DNA-binding transcription factor binding,0.08244804290650301,0.01392398535403022,0.04853411376411738,0.07067711825073487,0.022407302356763446,0.0801853952864731,0.02453457789696251,0.02614615027590119,0.05039709143417049,0.07424191635294725,0.02219457480274354,0.03465525243669744,0.10310840080449693,0.05753313392811098,0.04687741735856841,0.11495023464493838,0.05624387602496003,0.046761384147284826,0.0056340570367696356,0.018545974936826363
"DNA-binding transcription repressor activity, RNA polymerase II-specific",0.08210224574551671,0.0200830606377192,0.047418817292499506,0.07495315967155648,0.02710263428280334,0.07626555228416754,0.029321613897547033,0.027845172208359595,0.05113150692028078,0.08130790284841002,0.020359353819321527,0.03354371907890761,0.09682349182776574,0.05215897218936444,0.04608052219411323,0.10740897434790492,0.051321458482632386,0.04837720926618258,0.006605133872680648,0.019789499132266727
G protein-coupled receptor activity,0.07600577074088277,0.024178673825307254,0.039975163899998174,0.058054383754268704,0.031355576252305555,0.07717452838802753,0.024671743457696453,0.03186690772293139,0.04258660676783725,0.09465110758048906,0.021822896692781094,0.037802005149838384,0.08592194890337661,0.03922642853229606,0.06174327507806936,0.11148852243466828,0.0609214923574207,0.04890520279771362,0.011212768677295057,0.02043499698679669
GTP binding,0.07852609308885755,0.015056417489421721,0.052679830747531735,0.08638928067700988,0.02577574047954866,0.07595204513399154,0.02066290550070522,0.029830747531734838,0.0650916784203103,0.08293370944992948,0.021932299012693935,0.03272214386459803,0.08258110014104372,0.04816643159379408,0.06216502115655853,0.10116361071932299,0.04806064880112835,0.045698166431593794,0.010472496473906912,0.014139633286318759
GTPase activator activity,0.06969979319591846,0.014101311274231303,0.05382587550848806,0.07305183737472445,0.02597550167034066,0.07175647114969434,0.02273708610776538,0.02942981160375429,0.054200849942049406,0.08143762925255096,0.018123764288798493,0.03149785241915324,0.09481171738290571,0.04680362702543008,0.06262073040474513,0.12559370951980547,0.05413267277231098,0.046394564006999525,0.00906756357521078,0.014737631525123288
GTPase activity,0.07587759861675178,0.017129759942096586,0.052877075877598614,0.07611886284128835,0.026699907515380594,0.0804214081788572,0.021753990912380877,0.03245003820016888,0.06385459809401263,0.0785717157907435,0.022115887249185732,0.03377699143512003,0.08516627126140978,0.04411114238610318,0.06260806626724034,0.1089307973782621,0.050223169407696326,0.045438095621054324,0.009328883348747437,0.012545739675901725
RNA binding,0.07436553319200753,0.009903236152287678,0.05385764684715692,0.08446954585396507,0.022377454623205072,0.08167692712855694,0.021441366740458552,0.025589878777922927,0.0667986055158783,0.0650776640044223,0.01893817908743165,0.03410332428535296,0.09214859547705281,0.05299717609142893,0.0669185499242525,0.10731113318783556,0.05022020228885221,0.04402481284761063,0.007327038859380826,0.02045312911494064
RNA polymerase II cis-regulatory region sequence-specific DNA binding,0.08089659437681498,0.020572193561358993,0.0445090338984345,0.07026054379003789,0.027136054404454976,0.07996762609153774,0.03187252010007406,0.02744910399100046,0.04955854918059907,0.07975638124858428,0.020747806744055238,0.033852622362939004,0.09704282671051058,0.055417412174320266,0.04441231939202207,0.10805809996716798,0.052773033959517344,0.0467232870715611,0.007207775846315559,0.02178621512869392
RNA polymerase II transcription regulatory region sequence-specific DNA binding,0.07965411827120016,0.020883794349525794,0.044894178628735924,0.07182242360727595,0.02747181068258807,0.07923013702204268,0.031657266603758,0.02759356940029483,0.05141044428886386,0.07927144801555033,0.020525040984854085,0.034022864547775075,0.09603936285402434,0.054769680339880764,0.04554210894796119,0.10655844635876206,0.05265847114535817,0.04665968003548397,0.007507729504311563,0.021827424411753196
RNA polymerase II-specific DNA-binding transcription factor binding,0.08005633468231142,0.014058218161147735,0.048223845520798864,0.07057955152841762,0.0224490315355443,0.07861403106891666,0.02369619995418565,0.026775942375728574,0.051804152137578795,0.07343022219959786,0.022983532286390593,0.03632908277974327,0.10317561319113916,0.05920232126040367,0.046645795684966955,0.11584243257230607,0.05566443533813536,0.0462046204620462,0.00575224617577439,0.018512391084866842
SH3 domain binding,0.07575240565071999,0.012807388703109716,0.04868172615391615,0.06860938601879024,0.02081485020132396,0.07532018471757775,0.020064150685866377,0.02693418867581155,0.05209399667872336,0.07504720307559316,0.014604517846174845,0.030505698491776426,0.13821970472485726,0.044359516822493686,0.05789485657089561,0.1159262039627835,0.053822880411292344,0.04631588525671648,0.00593735071316454,0.016287904638413068
actin binding,0.08086272395913548,0.009426818625186097,0.04735869397813029,0.09713665999281278,0.020464346219005083,0.06288823861594538,0.019841881000051336,0.02884516658966066,0.06810539555418656,0.08188305354484317,0.017467529133939112,0.0280622721905642,0.09417192874377535,0.054629344422198266,0.06301658196005955,0.10264258945531085,0.053820781354278965,0.04799399353149546,0.006282406694388829,0.0150995944350326
actin filament binding,0.08421664866404738,0.008795565420727148,0.04739634645744062,0.10946383847496054,0.020344938098686007,0.05600199413628972,0.019917623179460397,0.029520339003169253,0.07487506973542085,0.08554607285719373,0.018089664913884175,0.026730922169335408,0.07654871983572116,0.057936781131672346,0.06644746993958242,0.0932496112621221,0.05229859816966776,0.049841537384120504,0.006516552518190559,0.016261706648307953
cadherin binding,0.07896538059728377,0.010314972921695066,0.05374833387369862,0.08409284676441274,0.02327173169062286,0.06848229403076479,0.018744671397864957,0.030716764532824188,0.06298257622152575,0.07605941616532776,0.018468484695654264,0.03295027438548459,0.0887039638795826,0.05379636634364831,0.05754289899972381,0.1051791010723249,0.05958427897258547,0.051754986370786654,0.006832618850342832,0.01780803823384608
calcium ion binding,0.07199378832341825,0.03244573346883314,0.05291343617616497,0.07531086929216575,0.027136120214211495,0.0798896970665814,0.023299496443130046,0.032365803806935614,0.0497961793621613,0.08437717665597132,0.01759023487902075,0.03395297852175799,0.08328670769722644,0.04711282642702993,0.054380716398141064,0.09618392957054935,0.05482603880014159,0.05367847722575562,0.010048300352832365,0.019411489317971615
calmodulin binding,0.08049855118485294,0.009751385967001416,0.04874369864644941,0.10587597083846041,0.022082853702748116,0.060215139125947684,0.02036279919025126,0.03297212188570899,0.07937390015745115,0.0835417245531166,0.018920599637465434,0.02901599650696622,0.07172627317111896,0.05748951428306805,0.06283491446036597,0.08966776485531695,0.05244843144259649,0.05067545217586896,0.0069066804271027665,0.016896227788142208
carbohydrate binding,0.07793263972629631,0.01668582966432037,0.04167250904400011,0.07075352645895847,0.02616450265010236,0.08474718864802715,0.02201407779242267,0.03185731512381166,0.04977705488095572,0.09416977481140806,0.019714518073978518,0.03129644689980089,0.09352477635379568,0.045205978855267955,0.05339465492582518,0.09128130345775261,0.06607027678846855,0.0555259541770661,0.011666059059423988,0.016545612608317675
chromatin binding,0.07958802372833855,0.013396235228175067,0.04991358774347237,0.0751272829183988,0.021481619879489933,0.0782427950861787,0.02407398757531879,0.02600775374842356,0.061203232285487415,0.0727918165257602,0.020893082348545006,0.03468634686346864,0.10035499089168107,0.05445840534354711,0.051856695782147695,0.11416226820496053,0.05451912746975571,0.04525666775655098,0.005226773786725209,0.016759306833574666
cysteine-type deubiquitinase activity,0.06776843340504596,0.01695025751352761,0.05469717713019102,0.08227394223873785,0.02164417497881218,0.06890931612230262,0.027544168459482366,0.026240302496903317,0.06105352369776387,0.07862311754351653,0.017015450811656563,0.03875741573766217,0.08334963165786557,0.05218723515222635,0.06398722211356672,0.11633744051111546,0.05381706760545016,0.043712106395462545,0.008409935458634853,0.016722080970076277
enzyme binding,0.07560354040500918,0.014644687239431436,0.05092561782885955,0.08156945950495398,0.023278436960512974,0.07464249503818736,0.022793020970753686,0.028414451303772542,0.05382832715471852,0.08111536067582432,0.018741363314295108,0.03258942028021029,0.09644902544910766,0.049625955662729836,0.05695025660498491,0.11274960755683086,0.053973169022630565,0.0475531510935561,0.007312557007018958,0.017240096926612148
extracellular matrix structural constituent,0.06334581053843939,0.01984137371410622,0.04302018166112609,0.057495484647802526,0.019278590686595293,0.18409548988299348,0.015718660838154073,0.029277805407952256,0.04439441928644347,0.066172813653378,0.014946470172499542,0.025717875559511032,0.13989739025730963,0.042980917728974166,0.04557233725100123,0.0727953302096694,0.05697196555244353,0.039525691699604744,0.005549302410805434,0.013402088841190483
growth factor activity,0.09132547617717701,0.023962464391442773,0.043232977713232416,0.0642909009663185,0.026085013684857286,0.07993073786516226,0.02468859967603195,0.024241747193207843,0.04077528905769983,0.10478690722225326,0.02066692733061498,0.02792828017650673,0.09355973859129754,0.04474110484276378,0.07322795062280064,0.09467686979835782,0.0493771993520639,0.04535552700664693,0.011729877674132827,0.015416410657431715
guanyl-nucleotide exchange factor activity,0.07228084015383099,0.015000986096045756,0.0536436248890642,0.08189527659994084,0.022409032639779114,0.07138102751207967,0.022976037866088157,0.02853515432403116,0.05258357163987772,0.08553150576866186,0.017182723597278377,0.029521250369786017,0.09255744009466522,0.04685188837392762,0.06193915787397693,0.12480278079084903,0.05207819741642836,0.04603835913617987,0.007666896755744009,0.015124248101765112
heparin binding,0.06807266652745876,0.026817408943113682,0.04811621871550875,0.07111535363780092,0.02538555618530561,0.1153536378009128,0.022909644124929154,0.03141126987441458,0.04859350296811145,0.08254034543447782,0.018793067446230945,0.028368582764072427,0.10873131879605047,0.04552098559198162,0.05312770336783701,0.07520210005071146,0.05357515735465203,0.048175879247084094,0.009366703457327805,0.018822897712018612
histone binding,0.07040314841561413,0.011476983026860406,0.05522328741893896,0.09327956728672102,0.019047526729544507,0.06915270009596464,0.020268894855713773,0.027713424386650254,0.07303975262448746,0.06967614357860862,0.01866948421430164,0.035409982261081975,0.09306631253453274,0.054157013657997535,0.05536868838634006,0.11361631592722198,0.05483555150586935,0.04730378139449221,0.004720684741622481,0.01357075695743629
histone deacetylase binding,0.08379995083444866,0.011417333588265821,0.04976646363114911,0.07830979760181367,0.02089535931823769,0.08085001775422687,0.02247958263909754,0.0252656305481959,0.054136734861107316,0.07773619950288164,0.02108655868454836,0.03419737237442299,0.10188194804840076,0.05249788314987299,0.050148862363770454,0.11362705197891344,0.05383627871404769,0.045505449181939855,0.004643413181830597,0.017918112042828657
identical protein binding,0.07705935173965726,0.018061926605504586,0.04834094253072529,0.07595042842305695,0.023536221222087587,0.08082698632508223,0.02280595464774104,0.028810368703479316,0.052909165656915357,0.07906082309157002,0.019914639951531938,0.0328592911545785,0.09635191275748659,0.049679764583693956,0.056590250129825166,0.10823091570019042,0.05512430759909988,0.04854108966591657,0.007529859788817725,0.01781579972303964
integrin binding,0.07295392953929539,0.022547425474254743,0.04978319783197832,0.07848238482384824,0.023252032520325202,0.10737127371273712,0.01943089430894309,0.0329810298102981,0.049241192411924116,0.08569105691056911,0.01731707317073171,0.03211382113821138,0.09531165311653117,0.04951219512195122,0.053766937669376694,0.0832520325203252,0.05317073170731707,0.04777777777777778,0.008048780487804878,0.01799457994579946
mRNA binding,0.07891599303717481,0.007892791568304839,0.0480124949328755,0.06744640770679829,0.02229534778358013,0.0992917948351098,0.02043541502730286,0.02454872785368529,0.05130314519398145,0.060650499558862106,0.01975582421250924,0.036161384934544676,0.09966139685719055,0.05595297708467463,0.07223931134797434,0.10606385769129885,0.05011088060662422,0.04349381214679161,0.007260891337005508,0.02850704628371128
magnesium ion binding,0.07737166082525844,0.013695402468117693,0.045003387035018994,0.07283597914764528,0.02435719965835125,0.07124554531263806,0.024121579830942774,0.027361352457809324,0.057579595322946424,0.08314434659676612,0.01955644567490354,0.031101817217918888,0.09180337525402762,0.05086443024180485,0.06724000824669396,0.1192825376255412,0.05587135157423497,0.04556298412511413,0.0067446175595676375,0.01525638382469885
metal ion binding,0.07196834501090474,0.021922984789173577,0.048087607279570004,0.07665252146072421,0.02608669718901311,0.07624750230168251,0.02638492982393692,0.029765541046911995,0.0578022948520237,0.07977530576060385,0.018625109071370917,0.03489225624532809,0.09008357248063172,0.051343153204028644,0.05546261172900851,0.10559936582273245,0.05372612816114568,0.04881683417399661,0.008210055827225176,0.0185471837699876
metalloendopeptidase activity,0.07357627823195234,0.031222576324419195,0.039212969377857836,0.05828830077132696,0.027204286176158145,0.0779178790817976,0.027111911689991223,0.028543716225578494,0.04447831508937231,0.09676227425984943,0.015241790217541915,0.028682277954828875,0.0981940787954367,0.04951272458546949,0.07154403953628008,0.08715532769848967,0.05191446122580943,0.05431619786614937,0.01842870999030068,0.020691884901390237
microtubule binding,0.07157923518612554,0.01300730440217179,0.04947072379985157,0.0880532010468341,0.02080973399476583,0.0631420647630952,0.021532362017108706,0.030936291551111286,0.06852271395648607,0.08369790242568649,0.017264950587867662,0.03324088902777235,0.08526034139291434,0.05035936096246241,0.06010507402054607,0.11761259325807585,0.05653099488301238,0.04884574821296043,0.00709933205734151,0.012929182453810398
molecular adaptor activity,0.075830970664919,0.011319437518699512,0.04948781148043141,0.07994130134351536,0.02121415036544188,0.08550485118750802,0.020957699924489592,0.027447320805254385,0.056020174101354916,0.07527532804285572,0.018122497827294876,0.03090227813475046,0.1014261493966291,0.052009574149795554,0.056333613529185485,0.1129023066292439,0.0546310675461967,0.04703016142130533,0.006617846101240935,0.017025459829887873
nucleic acid binding,0.07618456013144871,0.01596966183730098,0.049058536981552735,0.07826946093354646,0.02467608620565012,0.0769824630925255,0.025921136128135718,0.027598160360645,0.060383582477194164,0.07378014114135824,0.019462941691500726,0.03467307845064024,0.09373664025732817,0.054152977811336114,0.05458138208573976,0.10892714182055752,0.052685693171503616,0.04640600051587015,0.0070436802783199765,0.0195066746278461
other,0.0763100937204971,0.016316730893256314,0.04957425389203393,0.07858579519799855,0.024677203120445204,0.07650002539379515,0.022835631181910714,0.029081113347465735,0.05569311494205693,0.08275872624723538,0.019297892871579056,0.03275799574079962,0.09207511832464958,0.04943650124986172,0.05852956707405735,0.10718616573869158,0.054943128334674914,0.04797618409875334,0.00854135953509179,0.01692339909514603
phosphatidylinositol binding,0.07772696704774715,0.012521856086079355,0.055373234700739744,0.08224613315400134,0.024976462676529927,0.06965702757229321,0.02051109616677875,0.030329522528581034,0.055669132481506386,0.08537995965030262,0.017256220578345662,0.031459314055144585,0.0882985877605918,0.04949562878278413,0.055669132481506386,0.11544048419636853,0.05510423671822461,0.04885003362474782,0.008043039677202421,0.015991930060524545
protein dimerization activity,0.0786359178980827,0.015650537089011374,0.050333074087850406,0.074335824344278,0.024352168081245282,0.07609418501110247,0.022627622042628973,0.029452541169309843,0.05275645577610207,0.0830994488215602,0.020615651664243284,0.03371882009490639,0.09334528116863355,0.05053032608573135,0.051725109615753107,0.11438361568547888,0.05609846819734217,0.04777443388676608,0.007371588949379501,0.01709893033059435
protein domain specific binding,0.07579352320979169,0.014091065311145356,0.05222896040976064,0.07582123970332265,0.02216210822736394,0.07762835508154192,0.022483619552323197,0.027971485271455338,0.055072672646038205,0.07697978913291721,0.01947360835485981,0.03328750873069546,0.10306100954556037,0.047805408042217765,0.057068260180268074,0.1140977172695928,0.05399727269703655,0.045732214326101174,0.006602068759077152,0.018642113548930698
protein heterodimerization activity,0.08016265439758691,0.01338271510662263,0.05137358966037304,0.07222084343559687,0.024741795689276647,0.0794372005116359,0.02246997957274584,0.02726179339836964,0.052022679979381835,0.07710811171989844,0.02019816345621504,0.033294515186804374,0.09864263759760218,0.04889177373475115,0.049426318703346635,0.1173898932819152,0.059219946163685304,0.04814722895706459,0.00675817567438575,0.017849983772742026
protein homodimerization activity,0.07707549039033089,0.016273119631981116,0.050473376349273354,0.07837630619998105,0.024534592224395035,0.07331087774915791,0.023113170975439565,0.030952524530284888,0.05472041074766758,0.08444103686219105,0.020046346947390183,0.034579302383680365,0.08768015437496231,0.049534376857539135,0.05326453080176773,0.11147388461505328,0.056357198852525395,0.04856953334309663,0.00783073888060923,0.017393027282673307
protein kinase activity,0.07274304060620225,0.01485367743840183,0.046910558104633855,0.07700540021896105,0.024073413455033027,0.06945862497385999,0.023575215578217068,0.030691449448291983,0.05557674092480287,0.08141537401744307,0.018156544843959503,0.031540231016200654,0.09859397488098606,0.049752131179806376,0.060866249246552595,0.1147208246712509,0.05541067496586422,0.050545557428068835,0.007571377609388262,0.01653893939207558
protein kinase binding,0.07536548618354609,0.012985866211913001,0.04943238574590087,0.08090089791773594,0.022864616963857016,0.07076276097286378,0.022671457032953084,0.02890776337356579,0.05464770388030707,0.08197707467562929,0.017803826774173966,0.03134709735812403,0.09959877922923668,0.047495267581692854,0.05832878027781917,0.1157469494528055,0.05533204192122386,0.048565925484417516,0.007886444036049161,0.01737887492618531
protein serine kinase activity,0.07303162853297443,0.013013122476446837,0.046567967698519515,0.07955080753701212,0.023216689098250337,0.06776581426648721,0.024167227456258412,0.029752691790040378,0.05668741588156124,0.07870962314939435,0.01756393001345895,0.031056527590847913,0.09779609690444145,0.05188425302826379,0.06307200538358008,0.11922947510094213,0.05603970390309556,0.04907469717362046,0.0066705921938088825,0.015149730820995962
protein serine/threonine kinase activity,0.07294243246697592,0.01359306513093099,0.046470539587546704,0.07887436188528596,0.02320895578494688,0.06809313655466924,0.02424647956153343,0.029712275109203136,0.056898405371065115,0.0789495447676473,0.017705568796096506,0.031050530415235058,0.09939928876993286,0.05186115225285507,0.062341646054026416,0.1173755159425302,0.05572555240622815,0.04950040974670887,0.006804050853701629,0.015247088542880557
protein tyrosine kinase activity,0.07183568935646673,0.017400256107665654,0.043688954729203804,0.080272177166244,0.02556054937605142,0.0669144048007633,0.02212067190599342,0.03588018178622542,0.05682074974263691,0.08132673814246616,0.01855525146257564,0.030557159715770707,0.09932960052225877,0.04205689607552665,0.05727270444673212,0.10113741933863962,0.0565947723905893,0.06144073116227685,0.009265071433951841,0.021970020337961683
protein-containing complex binding,0.07835545413359733,0.014115643404869373,0.051101565515042705,0.08325293219457355,0.022725556655536352,0.07739273788949108,0.02212149940433243,0.02778873097639143,0.06132229810225347,0.0776402335688038,0.01928998103931406,0.03239676493783244,0.0938532979847979,0.05284452237528735,0.055762035001761835,0.10629310200177862,0.05401488329949494,0.04669907881269191,0.00646844639830864,0.016561236303840796
sequence-specific DNA binding,0.07932158617632411,0.019864601823186983,0.045824128312667266,0.07396002269406252,0.026610795003657685,0.07931428905011484,0.030281249486920812,0.027247469265416546,0.05315409158987962,0.07901328259398242,0.020120001240511456,0.033428135164668776,0.0968219191077074,0.05402244960878282,0.04720510944777173,0.1069357360337565,0.05251924160967307,0.04645532972976917,0.007275234830642822,0.02062532723050345
sequence-specific double-stranded DNA binding,0.07951883743220543,0.020298678312206844,0.0454858177783963,0.07317991065915821,0.026888496435578745,0.07932478865343869,0.030857676001262296,0.02737459842683283,0.05232064698606965,0.07927578643657839,0.020353560795090368,0.033633161564229165,0.09671077519546985,0.05443166248841098,0.04636785768188153,0.10651905892222564,0.052499015055441106,0.046471742381625346,0.0073326917309739096,0.02115523706292473
signaling receptor activity,0.07423395251610272,0.02677838015442747,0.04503662412263558,0.062105221415906145,0.02843822051517366,0.07837505594171865,0.024274457152892257,0.0320978002866482,0.041445024161157466,0.09331361918843437,0.020122023758943595,0.03548546081813701,0.09102496558522119,0.04313318944273551,0.05540354514709132,0.10408275408870232,0.05961829336687004,0.051891254963942375,0.011460262968565003,0.02167989440469514
signaling receptor binding,0.07801112257993618,0.020734153070876032,0.04819130523514798,0.07151575568001194,0.02421535575379616,0.08496567855979466,0.023002625619610906,0.02925858624709082,0.047622224751468815,0.08851360102355993,0.019195673418446843,0.03277118647393808,0.09642970678618665,0.047755664313159106,0.05975737547930313,0.10106869390141957,0.0527831960344902,0.047076692425735,0.009250501379529586,0.01788090126649843
small GTPase binding,0.07086485740454951,0.012760191214664809,0.05431550419693605,0.08480445665675462,0.024027302041379657,0.06623505351250299,0.021831595588512064,0.030125092533343372,0.0605638574170964,0.08392617407560758,0.019196747845070954,0.03308615952121052,0.09012433971970239,0.04933438727243071,0.05884493293685148,0.11679903639853954,0.053725800178165896,0.04742725938194,0.006737682086799413,0.015269570017942059
structural molecule activity,0.07451225873761085,0.01664058424621805,0.04166405842462181,0.07353677621283256,0.022754303599374023,0.12216484089723527,0.016750130412102243,0.0303547209181012,0.05755868544600939,0.06989567031820552,0.016191966614501827,0.025785080855503392,0.10542514345331247,0.04775169535732916,0.053009911319770474,0.09639019300991132,0.060824204486176314,0.04791862284820031,0.005811163275952008,0.01505998956703182
transcription cis-regulatory region binding,0.07945090841466076,0.02037565594249537,0.04523274335567648,0.0728146704722786,0.026999765518245105,0.07930334662063278,0.031107239017764014,0.02734542396726958,0.052056970980861435,0.07946707957017068,0.020407998253515205,0.03357536162746509,0.09698650517072697,0.054719147456681515,0.04596650953693896,0.1065436580770879,0.052507741940700375,0.046475900935501344,0.00739830364578701,0.021265069495540804
transcription coactivator activity,0.07543144362982182,0.012421237242015241,0.046774003995769184,0.06761166909245414,0.021126951553558676,0.07896616252474756,0.022808429084137157,0.025068479528463077,0.052243326071037904,0.07472630789119213,0.02495999710713543,0.03833949573754486,0.1125776327327626,0.0682535234186427,0.04565301897538353,0.11288499959319093,0.05501866801667013,0.04337488812750301,0.0052704376361680395,0.016489328041801893
transcription coregulator activity,0.07588325980614427,0.012493398556484351,0.04853861377687921,0.07230914493302536,0.020788545762006626,0.0777876762385375,0.022949018185309856,0.02522684960444684,0.055948234013837694,0.07361076288681792,0.022116836214852314,0.03676537269482927,0.10800761766572957,0.06118671282787169,0.05119519468257059,0.11415296144756987,0.05503070004641015,0.04450039742023589,0.005382510308920884,0.016126192927520152
transcription corepressor activity,0.07759742271234744,0.012034570348801189,0.049934948268384856,0.07694690539619602,0.01971687008239886,0.07422092807137104,0.025354686822377796,0.025339198314850382,0.06049811040208165,0.07316770955950684,0.01998017471036491,0.03591784895607459,0.10637506969828388,0.05377609813518369,0.056904776655721453,0.11224521405117403,0.053977448733040084,0.04561365466823617,0.004894368378663032,0.015503996034942073
transmembrane signaling receptor activity,0.07390776521522913,0.024901636706694555,0.04439877722359549,0.06230162793078735,0.02964062659977475,0.07510713920051486,0.024148371337887053,0.03298278459535754,0.04232912577337682,0.09652766604747766,0.020177273325630036,0.03551317117407012,0.0891339642235516,0.041839137620851556,0.05701414383711916,0.10380435577527827,0.059566470183855254,0.053116178384940545,0.011935233804794571,0.02165455103921368
transmembrane transporter binding,0.0663858566682487,0.01153891789273849,0.05840650213573802,0.08940436639772188,0.022187944945420028,0.07110227812055055,0.025836497389653535,0.0321843853820598,0.06140246796392976,0.07543308020882772,0.02097176079734219,0.031264831514000946,0.0796452301850973,0.0492406264831514,0.05810987185571903,0.11209658281917419,0.05644874228761272,0.05152467963929758,0.008098006644518272,0.018717370669197913
ubiquitin protein ligase activity,0.07797165486871965,0.01729864586620978,0.05261734072771541,0.0788583795482213,0.023310338608593714,0.07211025444489533,0.025083787967596975,0.030599516058734236,0.04577904023325368,0.07735545636262531,0.017509055112193216,0.03459729173241956,0.09089679426484512,0.04941611434239596,0.0604776289883824,0.11916677938590559,0.05466131626012594,0.04812360040278341,0.007709995942107399,0.016457008882276025
ubiquitin protein ligase binding,0.07824738422881372,0.015194048016332621,0.04978308238943091,0.08026933118705953,0.0241455801809937,0.07689287607231896,0.021691761056908974,0.02789501580259516,0.04597475510885141,0.08052452837596435,0.019925011287567972,0.03211558469602089,0.10137217565418818,0.04817337704403133,0.054357001236724836,0.11446575450030427,0.05579003160519032,0.046897391099507274,0.007125890736342043,0.019159419720853537
ubiquitin-protein transferase activity,0.07733847205261211,0.0177465072767402,0.053037856974803094,0.07910864133905464,0.02321386557917026,0.07081797506077955,0.024210986253179023,0.030697872435775344,0.047380037420034285,0.07883975486516463,0.01807141176602395,0.034899223590306644,0.09024502279933226,0.050080105762013064,0.059009377415776915,0.11734653864682883,0.05499848751358437,0.048500397727909296,0.008335480690590093,0.016121984830321432
zinc ion binding,0.07316253075821876,0.018783528368884656,0.04780196546928254,0.07629057155520687,0.023287091991909887,0.07137944561335581,0.025009042788948947,0.028799372354029008,0.06063508398331032,0.07680002445373912,0.019603747535521604,0.03628832996245332,0.09529825919944572,0.05493430604873426,0.05370143003428618,0.11027107988730901,0.054414664092231356,0.04737402503451543,0.007346310796835278,0.018819190071781913
